group_id,group_size,split,image_name,file_path,file_size,cross_split,hash,keep(0 or 1)
1,2,test,Alternaria (12).jpg,data\raw\images\test\Alternaria (12).jpg,3182417,TRUE,1f78c1a480c29873402d53fd59b591702252477765d35a1b0e432da7e7bc59a2,0
1,2,train,Anthracnose (138).jpg,data\raw\images\train\Anthracnose (138).jpg,3182417,TRUE,1f78c1a480c29873402d53fd59b591702252477765d35a1b0e432da7e7bc59a2,1
2,2,test,Alternaria (3).jpg,data\raw\images\test\Alternaria (3).jpg,3324938,TRUE,a2e3febfa0ab9a69ddc51b8ecac9cf2d45be21dedaebb206281c508c2ea540a9,0
2,2,train,Anthracnose (129).jpg,data\raw\images\train\Anthracnose (129).jpg,3324938,TRUE,a2e3febfa0ab9a69ddc51b8ecac9cf2d45be21dedaebb206281c508c2ea540a9,1
3,2,test,Alternaria (31).jpg,data\raw\images\test\Alternaria (31).jpg,3203894,TRUE,3764dc00203f23d4cc260f7807a1f4cec7c0bdb361ebe45566fcc4c2d3be5104,0
3,2,train,Anthracnose (157).jpg,data\raw\images\train\Anthracnose (157).jpg,3203894,TRUE,3764dc00203f23d4cc260f7807a1f4cec7c0bdb361ebe45566fcc4c2d3be5104,1
4,2,test,Alternaria (45).jpg,data\raw\images\test\Alternaria (45).jpg,2971368,FALSE,0a0cde240f0d94d7904fabdfc17948a2a40e0a0beb7d5378da6513db657d6488,0
4,2,test,Anthracnose (171).jpg,data\raw\images\test\Anthracnose (171).jpg,2971368,FALSE,0a0cde240f0d94d7904fabdfc17948a2a40e0a0beb7d5378da6513db657d6488,1
5,2,test,Alternaria (52).jpg,data\raw\images\test\Alternaria (52).jpg,3850044,TRUE,f5fdf130c3a1bb01035d607485fdcbabbe04d1e21e5d0a2774010b3e53b953c0,0
5,2,train,Anthracnose (178).jpg,data\raw\images\train\Anthracnose (178).jpg,3850044,TRUE,f5fdf130c3a1bb01035d607485fdcbabbe04d1e21e5d0a2774010b3e53b953c0,1
6,2,test,Alternaria (55).jpg,data\raw\images\test\Alternaria (55).jpg,4427471,TRUE,d9679a0542b261b4f188375d0f031441887a0863f7764f723018c5e0e2e5ba1d,0
6,2,train,Anthracnose (181).jpg,data\raw\images\train\Anthracnose (181).jpg,4427471,TRUE,d9679a0542b261b4f188375d0f031441887a0863f7764f723018c5e0e2e5ba1d,1
7,2,test,Alternaria (57).jpg,data\raw\images\test\Alternaria (57).jpg,3042186,TRUE,f0950580eea8ea63f389d83f9f21f247482c6c1b48583c31809890345e4daf6d,0
7,2,train,Anthracnose (183).jpg,data\raw\images\train\Anthracnose (183).jpg,3042186,TRUE,f0950580eea8ea63f389d83f9f21f247482c6c1b48583c31809890345e4daf6d,1
8,2,test,Alternaria (63).jpg,data\raw\images\test\Alternaria (63).jpg,3734290,TRUE,05ae7bc13c4df1d24f31beb9e5ab6079b8765592c043a9d40bbdf649d6158247,0
8,2,val,Anthracnose (189).jpg,data\raw\images\val\Anthracnose (189).jpg,3734290,TRUE,05ae7bc13c4df1d24f31beb9e5ab6079b8765592c043a9d40bbdf649d6158247,1
9,2,test,Alternaria (70).jpg,data\raw\images\test\Alternaria (70).jpg,3729410,TRUE,e0dcf78af67fb1ad23ec00b22aca7f7851ddcc9894b2ae22e18535820deb8aac,0
9,2,train,Anthracnose (196).jpg,data\raw\images\train\Anthracnose (196).jpg,3729410,TRUE,e0dcf78af67fb1ad23ec00b22aca7f7851ddcc9894b2ae22e18535820deb8aac,1
10,2,test,Alternaria (73).jpg,data\raw\images\test\Alternaria (73).jpg,3908591,TRUE,9655b84c566e2406fb7515939a121e656120300a2b12d7095b23ac50f3356581,0
10,2,train,Anthracnose (199).jpg,data\raw\images\train\Anthracnose (199).jpg,3908591,TRUE,9655b84c566e2406fb7515939a121e656120300a2b12d7095b23ac50f3356581,1
11,2,test,Alternaria (87).jpg,data\raw\images\test\Alternaria (87).jpg,3207618,TRUE,d4951208d0c197ed7c1a7cd46cd0c0033d51e1206145963c62f5f26dc5352920,1
11,2,val,Anthracnose (213).jpg,data\raw\images\val\Anthracnose (213).jpg,3207618,TRUE,d4951208d0c197ed7c1a7cd46cd0c0033d51e1206145963c62f5f26dc5352920,0
12,2,test,Alternaria (90).jpg,data\raw\images\test\Alternaria (90).jpg,3703097,TRUE,b96d1698f36ac2259f3ec314d8949dfbf2dc7194fc8723b5dd259d3c5a5db354,1
12,2,train,Anthracnose (216).jpg,data\raw\images\train\Anthracnose (216).jpg,3703097,TRUE,b96d1698f36ac2259f3ec314d8949dfbf2dc7194fc8723b5dd259d3c5a5db354,0
13,2,test,Alternaria (96).jpg,data\raw\images\test\Alternaria (96).jpg,3589997,TRUE,f453f2ab24ad03d9472bbc71a93cc51357a4fd08e4b9c8f6c26d3d4c814dcfd3,1
13,2,val,Anthracnose (222).jpg,data\raw\images\val\Anthracnose (222).jpg,3589997,TRUE,f453f2ab24ad03d9472bbc71a93cc51357a4fd08e4b9c8f6c26d3d4c814dcfd3,0
14,2,test,Anthracnose (141).jpg,data\raw\images\test\Anthracnose (141).jpg,3763663,TRUE,57220cd5576cc7626bc7962b59b92777e8c352f7768df26ae8241eb3eeefcd3e,1
14,2,train,Alternaria (15).jpg,data\raw\images\train\Alternaria (15).jpg,3763663,TRUE,57220cd5576cc7626bc7962b59b92777e8c352f7768df26ae8241eb3eeefcd3e,0
15,2,test,Anthracnose (148).jpg,data\raw\images\test\Anthracnose (148).jpg,3395032,TRUE,c681e8289cd076e971e1aadc6f7007ed075d63c06e934a2d4115ac2325e5dbca,1
15,2,train,Alternaria (22).jpg,data\raw\images\train\Alternaria (22).jpg,3395032,TRUE,c681e8289cd076e971e1aadc6f7007ed075d63c06e934a2d4115ac2325e5dbca,0
16,2,test,Anthracnose (167).jpg,data\raw\images\test\Anthracnose (167).jpg,3507245,TRUE,954f04d3c5d1dbeab5915ebaa1daae7b7487103805f45952c8a4534efa1bd1e1,1
16,2,train,Alternaria (41).jpg,data\raw\images\train\Alternaria (41).jpg,3507245,TRUE,954f04d3c5d1dbeab5915ebaa1daae7b7487103805f45952c8a4534efa1bd1e1,0
17,2,test,Anthracnose (179).jpg,data\raw\images\test\Anthracnose (179).jpg,3020544,TRUE,16689b32af5058b65a7cb00f06067690059897d495f570931511f96dd1308770,1
17,2,train,Alternaria (53).jpg,data\raw\images\train\Alternaria (53).jpg,3020544,TRUE,16689b32af5058b65a7cb00f06067690059897d495f570931511f96dd1308770,0
18,2,test,Anthracnose (185).jpg,data\raw\images\test\Anthracnose (185).jpg,2789256,TRUE,a9224f7ea1f06bdabff03b0920abe3f23a543f34212c25a4d08c813bdcf4fe5d,1
18,2,val,Alternaria (59).jpg,data\raw\images\val\Alternaria (59).jpg,2789256,TRUE,a9224f7ea1f06bdabff03b0920abe3f23a543f34212c25a4d08c813bdcf4fe5d,0
19,2,test,Anthracnose (186).jpg,data\raw\images\test\Anthracnose (186).jpg,3427648,TRUE,46646aeb7fd3604921d1b42fd616cf131ed426c83b55a9be188264c96d05a907,1
19,2,train,Alternaria (60).jpg,data\raw\images\train\Alternaria (60).jpg,3427648,TRUE,46646aeb7fd3604921d1b42fd616cf131ed426c83b55a9be188264c96d05a907,0
20,2,train,Alternaria (1).jpg,data\raw\images\train\Alternaria (1).jpg,3788886,FALSE,119d50ea8ac7f4615ff8c1d4127dab0b82aabc87108f8ecdc4e93272cbd37e61,0
20,2,train,Anthracnose (127).jpg,data\raw\images\train\Anthracnose (127).jpg,3788886,FALSE,119d50ea8ac7f4615ff8c1d4127dab0b82aabc87108f8ecdc4e93272cbd37e61,1
21,2,train,Alternaria (100).jpg,data\raw\images\train\Alternaria (100).jpg,3674042,FALSE,b20ac0d07bf764fc4d4fa7e05f3581b2ec1c55e0425ed720b5dee68df8f1bed9,0
21,2,train,Anthracnose (226).jpg,data\raw\images\train\Anthracnose (226).jpg,3674042,FALSE,b20ac0d07bf764fc4d4fa7e05f3581b2ec1c55e0425ed720b5dee68df8f1bed9,1
22,2,train,Alternaria (101).jpg,data\raw\images\train\Alternaria (101).jpg,4111036,FALSE,80e58d442b2e3c03c08afe26ce8047f7d47b94048ea5a8c1cc433b8a77575158,0
22,2,train,Anthracnose (227).jpg,data\raw\images\train\Anthracnose (227).jpg,4111036,FALSE,80e58d442b2e3c03c08afe26ce8047f7d47b94048ea5a8c1cc433b8a77575158,1
23,2,train,Alternaria (103).jpg,data\raw\images\train\Alternaria (103).jpg,4840411,FALSE,7a7fa246aef2fe4328e12e2d12f1e0f9b535f77728b6e9eabe0d3e80b198efe4,0
23,2,train,Anthracnose (229).jpg,data\raw\images\train\Anthracnose (229).jpg,4840411,FALSE,7a7fa246aef2fe4328e12e2d12f1e0f9b535f77728b6e9eabe0d3e80b198efe4,1
24,2,train,Alternaria (11).jpg,data\raw\images\train\Alternaria (11).jpg,3214929,FALSE,b28e25123252fc3dda76c905b19b909e80c174798c6013877de71b6683957a2c,0
24,2,train,Anthracnose (137).jpg,data\raw\images\train\Anthracnose (137).jpg,3214929,FALSE,b28e25123252fc3dda76c905b19b909e80c174798c6013877de71b6683957a2c,1
25,2,train,Alternaria (13).jpg,data\raw\images\train\Alternaria (13).jpg,3647183,FALSE,a2cd5e769f0fa6b938c93d9cc9dc77ef1cbfee6366ca2708e5525939ce35ac3a,0
25,2,train,Anthracnose (139).jpg,data\raw\images\train\Anthracnose (139).jpg,3647183,FALSE,a2cd5e769f0fa6b938c93d9cc9dc77ef1cbfee6366ca2708e5525939ce35ac3a,1
26,2,train,Alternaria (14).jpg,data\raw\images\train\Alternaria (14).jpg,3837035,FALSE,b99a61df476729c55b3fcb74f14b234b261bf4029138866fee3e0ffb8d4c6a5a,0
26,2,train,Anthracnose (140).jpg,data\raw\images\train\Anthracnose (140).jpg,3837035,FALSE,b99a61df476729c55b3fcb74f14b234b261bf4029138866fee3e0ffb8d4c6a5a,1
27,2,train,Alternaria (16).jpg,data\raw\images\train\Alternaria (16).jpg,3660075,FALSE,242e2792540d085cd6cdd2dd111175e48fdaf7f862cdc3215cd730c9418356f4,0
27,2,train,Anthracnose (142).jpg,data\raw\images\train\Anthracnose (142).jpg,3660075,FALSE,242e2792540d085cd6cdd2dd111175e48fdaf7f862cdc3215cd730c9418356f4,1
28,2,train,Alternaria (17).jpg,data\raw\images\train\Alternaria (17).jpg,4381138,TRUE,8b3cd8706280bfc2d250302c3fb6bc78b094ae2c517807e8bbd0edc252ddbe78,0
28,2,val,Anthracnose (143).jpg,data\raw\images\val\Anthracnose (143).jpg,4381138,TRUE,8b3cd8706280bfc2d250302c3fb6bc78b094ae2c517807e8bbd0edc252ddbe78,1
29,2,train,Alternaria (18).jpg,data\raw\images\train\Alternaria (18).jpg,3813330,FALSE,6da0b6878da2bb871c17c803b1535fccd29382f8f53d9ac23f0a97e0f2b18ee2,0
29,2,train,Anthracnose (144).jpg,data\raw\images\train\Anthracnose (144).jpg,3813330,FALSE,6da0b6878da2bb871c17c803b1535fccd29382f8f53d9ac23f0a97e0f2b18ee2,1
30,2,train,Alternaria (19).jpg,data\raw\images\train\Alternaria (19).jpg,3421045,FALSE,46379c1b586dcbdb7872e4216a5eea2d19db41e1848c8c0401f6115591203fad,0
30,2,train,Anthracnose (145).jpg,data\raw\images\train\Anthracnose (145).jpg,3421045,FALSE,46379c1b586dcbdb7872e4216a5eea2d19db41e1848c8c0401f6115591203fad,1
31,2,train,Alternaria (2).jpg,data\raw\images\train\Alternaria (2).jpg,4257260,TRUE,5ce473fa954f1c55129fc7e5c43edb0de51f2a2a0f36890e538e50ca7ad9dbf4,0
31,2,val,Anthracnose (128).jpg,data\raw\images\val\Anthracnose (128).jpg,4257260,TRUE,5ce473fa954f1c55129fc7e5c43edb0de51f2a2a0f36890e538e50ca7ad9dbf4,1
32,2,train,Alternaria (20).jpg,data\raw\images\train\Alternaria (20).jpg,3847690,FALSE,daac1dd775c866fe5dfd863fbda72764901766d847d9c9a37d2bae42f0b721e5,0
32,2,train,Anthracnose (146).jpg,data\raw\images\train\Anthracnose (146).jpg,3847690,FALSE,daac1dd775c866fe5dfd863fbda72764901766d847d9c9a37d2bae42f0b721e5,1
33,2,train,Alternaria (21).jpg,data\raw\images\train\Alternaria (21).jpg,3756892,FALSE,71c14456ef671112e044a084c67250384f388c0f73770362ea8b47718ccb4341,0
33,2,train,Anthracnose (147).jpg,data\raw\images\train\Anthracnose (147).jpg,3756892,FALSE,71c14456ef671112e044a084c67250384f388c0f73770362ea8b47718ccb4341,1
34,2,train,Alternaria (24).jpg,data\raw\images\train\Alternaria (24).jpg,3156505,FALSE,326e6ec92e79538875588a391c3f914e648830e4b57582189f44a95601f76e85,0
34,2,train,Anthracnose (150).jpg,data\raw\images\train\Anthracnose (150).jpg,3156505,FALSE,326e6ec92e79538875588a391c3f914e648830e4b57582189f44a95601f76e85,1
35,2,train,Alternaria (25).jpg,data\raw\images\train\Alternaria (25).jpg,3738237,FALSE,8fce58651e5d1d82c6d823dc0812858ee3c86711c8a0470ed4d42edd16d3fe82,0
35,2,train,Anthracnose (151).jpg,data\raw\images\train\Anthracnose (151).jpg,3738237,FALSE,8fce58651e5d1d82c6d823dc0812858ee3c86711c8a0470ed4d42edd16d3fe82,1
36,2,train,Alternaria (26).jpg,data\raw\images\train\Alternaria (26).jpg,3687447,FALSE,2e71105b4cda8a0d89ecf71c31d5a749b1aed52c8bb21fff76275357e971530c,0
36,2,train,Anthracnose (152).jpg,data\raw\images\train\Anthracnose (152).jpg,3687447,FALSE,2e71105b4cda8a0d89ecf71c31d5a749b1aed52c8bb21fff76275357e971530c,1
37,2,train,Alternaria (27).jpg,data\raw\images\train\Alternaria (27).jpg,3843176,FALSE,f4007732cc795b56e067d949a0d5fe8038cd9763a02518b926c5366846d7c038,0
37,2,train,Anthracnose (153).jpg,data\raw\images\train\Anthracnose (153).jpg,3843176,FALSE,f4007732cc795b56e067d949a0d5fe8038cd9763a02518b926c5366846d7c038,1
38,2,train,Alternaria (28).jpg,data\raw\images\train\Alternaria (28).jpg,3742729,FALSE,66f405a1f76d8f175c9a115acdeec15f62712cdd0f7cf8b7728250841993a2d4,0
38,2,train,Anthracnose (154).jpg,data\raw\images\train\Anthracnose (154).jpg,3742729,FALSE,66f405a1f76d8f175c9a115acdeec15f62712cdd0f7cf8b7728250841993a2d4,1
39,2,train,Alternaria (29).jpg,data\raw\images\train\Alternaria (29).jpg,2977130,FALSE,e89122b708eae92c5cc37e67e386f30961bf8b2859b720f9630b58db24d698b7,0
39,2,train,Anthracnose (155).jpg,data\raw\images\train\Anthracnose (155).jpg,2977130,FALSE,e89122b708eae92c5cc37e67e386f30961bf8b2859b720f9630b58db24d698b7,1
40,2,train,Alternaria (30).jpg,data\raw\images\train\Alternaria (30).jpg,3226702,FALSE,c356b886000d3cb63d08fbc97721621992cd1d9a2497156061e6e9b5b3a86371,0
40,2,train,Anthracnose (156).jpg,data\raw\images\train\Anthracnose (156).jpg,3226702,FALSE,c356b886000d3cb63d08fbc97721621992cd1d9a2497156061e6e9b5b3a86371,1
41,2,train,Alternaria (32).jpg,data\raw\images\train\Alternaria (32).jpg,3037469,FALSE,581b4280fa5b32b93acd815a91c6afa805f74321438899cf0e5f8dce0f25da06,0
41,2,train,Anthracnose (158).jpg,data\raw\images\train\Anthracnose (158).jpg,3037469,FALSE,581b4280fa5b32b93acd815a91c6afa805f74321438899cf0e5f8dce0f25da06,1
42,2,train,Alternaria (33).jpg,data\raw\images\train\Alternaria (33).jpg,3488994,FALSE,6a8167fa1cf5fea1066cf10431711af13a3d62858ffe62ca068ab7ab20e536d9,0
42,2,train,Anthracnose (159).jpg,data\raw\images\train\Anthracnose (159).jpg,3488994,FALSE,6a8167fa1cf5fea1066cf10431711af13a3d62858ffe62ca068ab7ab20e536d9,1
43,2,train,Alternaria (34).jpg,data\raw\images\train\Alternaria (34).jpg,3091398,FALSE,375aa3402ad4b89d34583a96baa6ab14832be1b84b154ef5ce81888a4691fcf9,0
43,2,train,Anthracnose (160).jpg,data\raw\images\train\Anthracnose (160).jpg,3091398,FALSE,375aa3402ad4b89d34583a96baa6ab14832be1b84b154ef5ce81888a4691fcf9,1
44,2,train,Alternaria (35).jpg,data\raw\images\train\Alternaria (35).jpg,3317708,FALSE,d7d5e54fc2f74826c8a12e4d36464cfa28414ff5f174285a3cdc13a786b2ed10,0
44,2,train,Anthracnose (161).jpg,data\raw\images\train\Anthracnose (161).jpg,3317708,FALSE,d7d5e54fc2f74826c8a12e4d36464cfa28414ff5f174285a3cdc13a786b2ed10,1
45,2,train,Alternaria (36).jpg,data\raw\images\train\Alternaria (36).jpg,3112241,FALSE,add65aa967c7641eec6ce265e537b252d9d3ba49df2d759a677e381f67feba99,0
45,2,train,Anthracnose (162).jpg,data\raw\images\train\Anthracnose (162).jpg,3112241,FALSE,add65aa967c7641eec6ce265e537b252d9d3ba49df2d759a677e381f67feba99,1
46,2,train,Alternaria (37).jpg,data\raw\images\train\Alternaria (37).jpg,3193358,FALSE,b03e2f05fdf1b5c1cdf9376668a20ac0411274909ee65fd11ee8ed395761280f,0
46,2,train,Anthracnose (163).jpg,data\raw\images\train\Anthracnose (163).jpg,3193358,FALSE,b03e2f05fdf1b5c1cdf9376668a20ac0411274909ee65fd11ee8ed395761280f,1
47,2,train,Alternaria (38).jpg,data\raw\images\train\Alternaria (38).jpg,3398284,FALSE,65ef872fa8c7ec4de78271772efad87e2621528ff4a3c98b22ad51768077e54e,0
47,2,train,Anthracnose (164).jpg,data\raw\images\train\Anthracnose (164).jpg,3398284,FALSE,65ef872fa8c7ec4de78271772efad87e2621528ff4a3c98b22ad51768077e54e,1
48,2,train,Alternaria (39).jpg,data\raw\images\train\Alternaria (39).jpg,2959867,FALSE,67a2566d76fd070122b8c1392518d4059c0af032d7f8979503b75f14b33892ef,0
48,2,train,Anthracnose (165).jpg,data\raw\images\train\Anthracnose (165).jpg,2959867,FALSE,67a2566d76fd070122b8c1392518d4059c0af032d7f8979503b75f14b33892ef,1
49,2,train,Alternaria (4).jpg,data\raw\images\train\Alternaria (4).jpg,3758165,FALSE,b46a57060a4b16028d42186d99451e39a8bef865e8a5dcff396b45cd062d8fb0,0
49,2,train,Anthracnose (130).jpg,data\raw\images\train\Anthracnose (130).jpg,3758165,FALSE,b46a57060a4b16028d42186d99451e39a8bef865e8a5dcff396b45cd062d8fb0,1
50,2,train,Alternaria (40).jpg,data\raw\images\train\Alternaria (40).jpg,4330968,FALSE,41009b0d6d5e4c5bdbcb1583521c78d3bd3d793092ca01f03d7e646e82b4214e,0
50,2,train,Anthracnose (166).jpg,data\raw\images\train\Anthracnose (166).jpg,4330968,FALSE,41009b0d6d5e4c5bdbcb1583521c78d3bd3d793092ca01f03d7e646e82b4214e,1
51,2,train,Alternaria (43).jpg,data\raw\images\train\Alternaria (43).jpg,2936924,FALSE,557ce7a1d0b31f4c9d522423d59e14dc410939a0702781334f10c13e17c64ae1,0
51,2,train,Anthracnose (169).jpg,data\raw\images\train\Anthracnose (169).jpg,2936924,FALSE,557ce7a1d0b31f4c9d522423d59e14dc410939a0702781334f10c13e17c64ae1,1
52,2,train,Alternaria (44).jpg,data\raw\images\train\Alternaria (44).jpg,3808946,TRUE,2dcd874e0663a75a472d1e91d124c6439b9a8dbcdd810ccdbf41a75ae478dc2a,0
52,2,val,Anthracnose (170).jpg,data\raw\images\val\Anthracnose (170).jpg,3808946,TRUE,2dcd874e0663a75a472d1e91d124c6439b9a8dbcdd810ccdbf41a75ae478dc2a,1
53,2,train,Alternaria (46).jpg,data\raw\images\train\Alternaria (46).jpg,3665345,FALSE,206af7247356f3cda38046e64ff0a3de842eab26d26a856ed73855a855efae50,0
53,2,train,Anthracnose (172).jpg,data\raw\images\train\Anthracnose (172).jpg,3665345,FALSE,206af7247356f3cda38046e64ff0a3de842eab26d26a856ed73855a855efae50,1
54,2,train,Alternaria (47).jpg,data\raw\images\train\Alternaria (47).jpg,3151404,FALSE,7b8f539a6d3a0e8b4049b74bd2906d525ad794e26732fd38da6e2aad669792e5,0
54,2,train,Anthracnose (173).jpg,data\raw\images\train\Anthracnose (173).jpg,3151404,FALSE,7b8f539a6d3a0e8b4049b74bd2906d525ad794e26732fd38da6e2aad669792e5,1
55,2,train,Alternaria (48).jpg,data\raw\images\train\Alternaria (48).jpg,3150338,FALSE,9b3f34f57b1fe389c7f19e210cd344389e7677a3b78be205a6d6189ff832d35d,0
55,2,train,Anthracnose (174).jpg,data\raw\images\train\Anthracnose (174).jpg,3150338,FALSE,9b3f34f57b1fe389c7f19e210cd344389e7677a3b78be205a6d6189ff832d35d,1
56,2,train,Alternaria (49).jpg,data\raw\images\train\Alternaria (49).jpg,3256710,FALSE,b76636b2ac2745b445010acc206015b606a9df43abb5460fd85a64a07883c582,0
56,2,train,Anthracnose (175).jpg,data\raw\images\train\Anthracnose (175).jpg,3256710,FALSE,b76636b2ac2745b445010acc206015b606a9df43abb5460fd85a64a07883c582,1
57,2,train,Alternaria (5).jpg,data\raw\images\train\Alternaria (5).jpg,3320239,FALSE,8ed028166657fc34c27229fdb654898751ce387b3a01bf3576b3684ea30470f4,0
57,2,train,Anthracnose (131).jpg,data\raw\images\train\Anthracnose (131).jpg,3320239,FALSE,8ed028166657fc34c27229fdb654898751ce387b3a01bf3576b3684ea30470f4,1
58,2,train,Alternaria (50).jpg,data\raw\images\train\Alternaria (50).jpg,3486224,TRUE,b4b0f93905295e68cb4e2af28447eacfe45e98b68222bd85884ae3592d65a155,0
58,2,val,Anthracnose (176).jpg,data\raw\images\val\Anthracnose (176).jpg,3486224,TRUE,b4b0f93905295e68cb4e2af28447eacfe45e98b68222bd85884ae3592d65a155,1
59,2,train,Alternaria (51).jpg,data\raw\images\train\Alternaria (51).jpg,4190406,FALSE,a4703a9678f78b8088449e60519a2b339e2573c88bc232ccd8c776e4adafad1b,0
59,2,train,Anthracnose (177).jpg,data\raw\images\train\Anthracnose (177).jpg,4190406,FALSE,a4703a9678f78b8088449e60519a2b339e2573c88bc232ccd8c776e4adafad1b,1
60,2,train,Alternaria (54).jpg,data\raw\images\train\Alternaria (54).jpg,2905354,FALSE,260b8a09cfb84e501b62ae9f37481724cb25f76bd7ea343c58892642b23a3c7d,0
60,2,train,Anthracnose (180).jpg,data\raw\images\train\Anthracnose (180).jpg,2905354,FALSE,260b8a09cfb84e501b62ae9f37481724cb25f76bd7ea343c58892642b23a3c7d,1
61,2,train,Alternaria (56).jpg,data\raw\images\train\Alternaria (56).jpg,3095919,TRUE,0292153e7a80d50fec4015d0edb0c67e5c5a5bd6ac71d353d685673e7e464d3a,0
61,2,val,Anthracnose (182).jpg,data\raw\images\val\Anthracnose (182).jpg,3095919,TRUE,0292153e7a80d50fec4015d0edb0c67e5c5a5bd6ac71d353d685673e7e464d3a,1
62,2,train,Alternaria (58).jpg,data\raw\images\train\Alternaria (58).jpg,2845881,FALSE,a6844ea2d8249aae77d5041039597b54af6776c7e203bd926a8c1756bf389df3,0
62,2,train,Anthracnose (184).jpg,data\raw\images\train\Anthracnose (184).jpg,2845881,FALSE,a6844ea2d8249aae77d5041039597b54af6776c7e203bd926a8c1756bf389df3,1
63,2,train,Alternaria (6).jpg,data\raw\images\train\Alternaria (6).jpg,4006459,FALSE,6509bd1898370df5d557daacf4ef718611ce4f93c5ac0a5007b96672119b4944,0
63,2,train,Anthracnose (132).jpg,data\raw\images\train\Anthracnose (132).jpg,4006459,FALSE,6509bd1898370df5d557daacf4ef718611ce4f93c5ac0a5007b96672119b4944,1
64,2,train,Alternaria (61).jpg,data\raw\images\train\Alternaria (61).jpg,3530046,FALSE,a08a5cac069ddc09ade750811e2a23e440ad5831313d2417fcc60a3e124a08ba,0
64,2,train,Anthracnose (187).jpg,data\raw\images\train\Anthracnose (187).jpg,3530046,FALSE,a08a5cac069ddc09ade750811e2a23e440ad5831313d2417fcc60a3e124a08ba,1
65,2,train,Alternaria (62).jpg,data\raw\images\train\Alternaria (62).jpg,3841406,FALSE,53c4dff8726ba96ed5a086a621bd637c7e98575c1f242c6afe3f324efa6b0458,0
65,2,train,Anthracnose (188).jpg,data\raw\images\train\Anthracnose (188).jpg,3841406,FALSE,53c4dff8726ba96ed5a086a621bd637c7e98575c1f242c6afe3f324efa6b0458,1
66,2,train,Alternaria (64).jpg,data\raw\images\train\Alternaria (64).jpg,3903029,FALSE,02e002b8fba645f5a4b6aa601b5cfd0f39afd63179a5e827ea9272e687b5560e,0
66,2,train,Anthracnose (190).jpg,data\raw\images\train\Anthracnose (190).jpg,3903029,FALSE,02e002b8fba645f5a4b6aa601b5cfd0f39afd63179a5e827ea9272e687b5560e,1
67,2,train,Alternaria (67).jpg,data\raw\images\train\Alternaria (67).jpg,3820367,FALSE,a54c376490492ccfc87a8a4639e53ce6dbe146efa021e30be4616ee0a0ed9245,0
67,2,train,Anthracnose (193).jpg,data\raw\images\train\Anthracnose (193).jpg,3820367,FALSE,a54c376490492ccfc87a8a4639e53ce6dbe146efa021e30be4616ee0a0ed9245,1
68,2,train,Alternaria (68).jpg,data\raw\images\train\Alternaria (68).jpg,3838860,FALSE,5dd6a3d48e2c14f40905768477bb27eec5a1ecf51bba55bcd46e341ce3edf831,0
68,2,train,Anthracnose (194).jpg,data\raw\images\train\Anthracnose (194).jpg,3838860,FALSE,5dd6a3d48e2c14f40905768477bb27eec5a1ecf51bba55bcd46e341ce3edf831,1
69,2,train,Alternaria (69).jpg,data\raw\images\train\Alternaria (69).jpg,3809644,FALSE,44fb0d7e1f1040a24269ef4852db0a0140469d6cd3b98cb14a3e6b449be32241,0
69,2,train,Anthracnose (195).jpg,data\raw\images\train\Anthracnose (195).jpg,3809644,FALSE,44fb0d7e1f1040a24269ef4852db0a0140469d6cd3b98cb14a3e6b449be32241,1
70,2,train,Alternaria (7).jpg,data\raw\images\train\Alternaria (7).jpg,3266818,FALSE,cb542a987261a407bbcdf46683a7044f14866d3837e8eea91ad4f6457042accd,0
70,2,train,Anthracnose (133).jpg,data\raw\images\train\Anthracnose (133).jpg,3266818,FALSE,cb542a987261a407bbcdf46683a7044f14866d3837e8eea91ad4f6457042accd,1
71,2,train,Alternaria (71).jpg,data\raw\images\train\Alternaria (71).jpg,4178818,FALSE,c9abcf09254c3e7ee2730401605e38283aa2d515404f802916a565abfe614f7a,0
71,2,train,Anthracnose (197).jpg,data\raw\images\train\Anthracnose (197).jpg,4178818,FALSE,c9abcf09254c3e7ee2730401605e38283aa2d515404f802916a565abfe614f7a,1
72,2,train,Alternaria (72).jpg,data\raw\images\train\Alternaria (72).jpg,4165550,FALSE,09dd1fca9e552643409ee7a98a8275ecb644028c7d6123564c876f9f86b51050,0
72,2,train,Anthracnose (198).jpg,data\raw\images\train\Anthracnose (198).jpg,4165550,FALSE,09dd1fca9e552643409ee7a98a8275ecb644028c7d6123564c876f9f86b51050,1
73,2,train,Alternaria (74).jpg,data\raw\images\train\Alternaria (74).jpg,3476607,FALSE,1b0fb293cd245b5631cd5ccfdc25fc16f16c63820d5a5e2b50380c65861ab293,0
73,2,train,Anthracnose (200).jpg,data\raw\images\train\Anthracnose (200).jpg,3476607,FALSE,1b0fb293cd245b5631cd5ccfdc25fc16f16c63820d5a5e2b50380c65861ab293,1
74,2,train,Alternaria (75).jpg,data\raw\images\train\Alternaria (75).jpg,3282427,FALSE,5d8c1cc6d8daa3b631bcaf84d16254cea00d4687b0d69157a4cb7752090e5bfb,0
74,2,train,Anthracnose (201).jpg,data\raw\images\train\Anthracnose (201).jpg,3282427,FALSE,5d8c1cc6d8daa3b631bcaf84d16254cea00d4687b0d69157a4cb7752090e5bfb,1
75,2,train,Alternaria (76).jpg,data\raw\images\train\Alternaria (76).jpg,3180939,FALSE,71d42714364893216c87e965065c289cc68dc09de3686fe9c6be21a1f6a8a1f4,0
75,2,train,Anthracnose (202).jpg,data\raw\images\train\Anthracnose (202).jpg,3180939,FALSE,71d42714364893216c87e965065c289cc68dc09de3686fe9c6be21a1f6a8a1f4,1
76,2,train,Alternaria (77).jpg,data\raw\images\train\Alternaria (77).jpg,3539843,FALSE,8d9290c508f8a28ae027c6c8d378ee98fdd75ac6589826c38b4a3dee3dd85265,0
76,2,train,Anthracnose (203).jpg,data\raw\images\train\Anthracnose (203).jpg,3539843,FALSE,8d9290c508f8a28ae027c6c8d378ee98fdd75ac6589826c38b4a3dee3dd85265,1
77,2,train,Alternaria (78).jpg,data\raw\images\train\Alternaria (78).jpg,3385907,FALSE,799ba922b88f1e72024a671ef467c007d5057f02a1ae7d459d301a3a7f9fa87a,0
77,2,train,Anthracnose (204).jpg,data\raw\images\train\Anthracnose (204).jpg,3385907,FALSE,799ba922b88f1e72024a671ef467c007d5057f02a1ae7d459d301a3a7f9fa87a,1
78,2,train,Alternaria (79).jpg,data\raw\images\train\Alternaria (79).jpg,3793309,FALSE,bc21fe1699ddd841e1d0bd7fb333c4e0ac1c3e44c87decb97ce3bc340cd3eb19,0
78,2,train,Anthracnose (205).jpg,data\raw\images\train\Anthracnose (205).jpg,3793309,FALSE,bc21fe1699ddd841e1d0bd7fb333c4e0ac1c3e44c87decb97ce3bc340cd3eb19,1
79,2,train,Alternaria (8).jpg,data\raw\images\train\Alternaria (8).jpg,3173151,FALSE,b29c362f477f3e7b3bec6b66ef5ebd1c0d234c64b4bc29f3d0c9e4c4f9b0550e,0
79,2,train,Anthracnose (134).jpg,data\raw\images\train\Anthracnose (134).jpg,3173151,FALSE,b29c362f477f3e7b3bec6b66ef5ebd1c0d234c64b4bc29f3d0c9e4c4f9b0550e,1
80,2,train,Alternaria (81).jpg,data\raw\images\train\Alternaria (81).jpg,3710654,FALSE,5c88fff260f6c0332c2822eb9fa2f3aaa358a3dfc3f6a0fa674a9dc122ee2387,0
80,2,train,Anthracnose (207).jpg,data\raw\images\train\Anthracnose (207).jpg,3710654,FALSE,5c88fff260f6c0332c2822eb9fa2f3aaa358a3dfc3f6a0fa674a9dc122ee2387,1
81,2,train,Alternaria (82).jpg,data\raw\images\train\Alternaria (82).jpg,3043759,FALSE,e50880e222797be741aab4dee1952eb7a07fc3c21add001189d1cd9bc5740c24,0
81,2,train,Anthracnose (208).jpg,data\raw\images\train\Anthracnose (208).jpg,3043759,FALSE,e50880e222797be741aab4dee1952eb7a07fc3c21add001189d1cd9bc5740c24,1
82,2,train,Alternaria (83).jpg,data\raw\images\train\Alternaria (83).jpg,3740959,FALSE,b6665f396a00b8f2c761dfb2763cbb5fdaafcc5cbe8d3dd1b5eda32cb543c8f9,0
82,2,train,Anthracnose (209).jpg,data\raw\images\train\Anthracnose (209).jpg,3740959,FALSE,b6665f396a00b8f2c761dfb2763cbb5fdaafcc5cbe8d3dd1b5eda32cb543c8f9,1
83,2,train,Alternaria (84).jpg,data\raw\images\train\Alternaria (84).jpg,3263633,FALSE,a5e73ff7d8e5e57040af8546b4a28483b7eeb418797f4c3b685223a0bce2a989,0
83,2,train,Anthracnose (210).jpg,data\raw\images\train\Anthracnose (210).jpg,3263633,FALSE,a5e73ff7d8e5e57040af8546b4a28483b7eeb418797f4c3b685223a0bce2a989,1
84,2,train,Alternaria (85).jpg,data\raw\images\train\Alternaria (85).jpg,3718454,FALSE,35acdd9390648fc4aff6543474d879d4b6c8a6c2d81b1fa2000dbf4b65c412eb,0
84,2,train,Anthracnose (211).jpg,data\raw\images\train\Anthracnose (211).jpg,3718454,FALSE,35acdd9390648fc4aff6543474d879d4b6c8a6c2d81b1fa2000dbf4b65c412eb,1
85,2,train,Alternaria (88).jpg,data\raw\images\train\Alternaria (88).jpg,3622662,FALSE,2a916b7752b583575fdfe63baba0035b593fd603158695a2e059975c8e7ad62a,0
85,2,train,Anthracnose (214).jpg,data\raw\images\train\Anthracnose (214).jpg,3622662,FALSE,2a916b7752b583575fdfe63baba0035b593fd603158695a2e059975c8e7ad62a,1
86,2,train,Alternaria (89).jpg,data\raw\images\train\Alternaria (89).jpg,3903935,FALSE,e7e5f34df0d923a2c0c87d0ccba1fc988d6705855dd071e9cfd4f1949818e38c,0
86,2,train,Anthracnose (215).jpg,data\raw\images\train\Anthracnose (215).jpg,3903935,FALSE,e7e5f34df0d923a2c0c87d0ccba1fc988d6705855dd071e9cfd4f1949818e38c,1
87,2,train,Alternaria (9).jpg,data\raw\images\train\Alternaria (9).jpg,3315400,FALSE,a46322e774c69a3ca810b80e14220a50a0b843cc90dc20ad1b4b7f1c2450408f,0
87,2,train,Anthracnose (135).jpg,data\raw\images\train\Anthracnose (135).jpg,3315400,FALSE,a46322e774c69a3ca810b80e14220a50a0b843cc90dc20ad1b4b7f1c2450408f,1
88,2,train,Alternaria (92).jpg,data\raw\images\train\Alternaria (92).jpg,3155189,FALSE,588e51727f9d549184a1df230e221e5d13b2e6f7bf19c4539c9943ea30eb6096,0
88,2,train,Anthracnose (218).jpg,data\raw\images\train\Anthracnose (218).jpg,3155189,FALSE,588e51727f9d549184a1df230e221e5d13b2e6f7bf19c4539c9943ea30eb6096,1
89,2,train,Alternaria (93).jpg,data\raw\images\train\Alternaria (93).jpg,2859981,FALSE,85a3258c0d28f2628ecfb7674da1f9cabe703002fa8b8b2e6bc6a34c48999457,0
89,2,train,Anthracnose (219).jpg,data\raw\images\train\Anthracnose (219).jpg,2859981,FALSE,85a3258c0d28f2628ecfb7674da1f9cabe703002fa8b8b2e6bc6a34c48999457,1
90,2,train,Alternaria (94).jpg,data\raw\images\train\Alternaria (94).jpg,3906626,FALSE,9ab4ff3c0b89a2a5f53d6a6e178a4bb9913e75dc480d0fad2f207f16040e7b1b,0
90,2,train,Anthracnose (220).jpg,data\raw\images\train\Anthracnose (220).jpg,3906626,FALSE,9ab4ff3c0b89a2a5f53d6a6e178a4bb9913e75dc480d0fad2f207f16040e7b1b,1
91,2,train,Alternaria (95).jpg,data\raw\images\train\Alternaria (95).jpg,3695320,FALSE,ca36f2c74f06c95d618792201c38caf8693c65b9bf2272a64b2bf1ac3c2cacb0,0
91,2,train,Anthracnose (221).jpg,data\raw\images\train\Anthracnose (221).jpg,3695320,FALSE,ca36f2c74f06c95d618792201c38caf8693c65b9bf2272a64b2bf1ac3c2cacb0,1
92,2,train,Alternaria (97).jpg,data\raw\images\train\Alternaria (97).jpg,3528396,FALSE,7010293d70ccabb923cd3c2f3084f4377cceb1df17d607b359d9050c61641f04,0
92,2,train,Anthracnose (223).jpg,data\raw\images\train\Anthracnose (223).jpg,3528396,FALSE,7010293d70ccabb923cd3c2f3084f4377cceb1df17d607b359d9050c61641f04,1
93,2,train,Alternaria (98).jpg,data\raw\images\train\Alternaria (98).jpg,4001387,FALSE,c71270961de4f52ba1b0a6b96d114dd17bbe10b5c8f3b1c90c53dea086a26796,0
93,2,train,Anthracnose (224).jpg,data\raw\images\train\Anthracnose (224).jpg,4001387,FALSE,c71270961de4f52ba1b0a6b96d114dd17bbe10b5c8f3b1c90c53dea086a26796,1
94,2,train,Alternaria (99).jpg,data\raw\images\train\Alternaria (99).jpg,3900317,FALSE,192663bf6d4149c107ad5ecf6bd181f8579f11ab0743b3ce9c4e9c5cb99aa448,0
94,2,train,Anthracnose (225).jpg,data\raw\images\train\Anthracnose (225).jpg,3900317,FALSE,192663bf6d4149c107ad5ecf6bd181f8579f11ab0743b3ce9c4e9c5cb99aa448,1
95,2,train,Anthracnose (136).jpg,data\raw\images\train\Anthracnose (136).jpg,3922376,TRUE,252a4be3ac7277d256533e834c9944b81b20e791570ce62e9cb0b25b7e2de8db,0
95,2,val,Alternaria (10).jpg,data\raw\images\val\Alternaria (10).jpg,3922376,TRUE,252a4be3ac7277d256533e834c9944b81b20e791570ce62e9cb0b25b7e2de8db,1
96,2,train,Anthracnose (149).jpg,data\raw\images\train\Anthracnose (149).jpg,3691364,TRUE,2e46650e38f3e47ae2f9edc39f4e6504371015150cb2a3bad9a09eec4f30ed1e,0
96,2,val,Alternaria (23).jpg,data\raw\images\val\Alternaria (23).jpg,3691364,TRUE,2e46650e38f3e47ae2f9edc39f4e6504371015150cb2a3bad9a09eec4f30ed1e,1
97,2,train,Anthracnose (168).jpg,data\raw\images\train\Anthracnose (168).jpg,3027149,TRUE,1e50898aa5c75cbe001013688435e87d6e5025603135f53ef631bf4ca70beb5d,0
97,2,val,Alternaria (42).jpg,data\raw\images\val\Alternaria (42).jpg,3027149,TRUE,1e50898aa5c75cbe001013688435e87d6e5025603135f53ef631bf4ca70beb5d,1
98,2,train,Anthracnose (192).jpg,data\raw\images\train\Anthracnose (192).jpg,3378303,TRUE,221b0c5c06ff87100117250a96eae1b11e47adfe198436dc0bbc9e797a9f852f,1
98,2,val,Alternaria (66).jpg,data\raw\images\val\Alternaria (66).jpg,3378303,TRUE,221b0c5c06ff87100117250a96eae1b11e47adfe198436dc0bbc9e797a9f852f,0
99,2,train,Anthracnose (206).jpg,data\raw\images\train\Anthracnose (206).jpg,3941147,TRUE,746f7418f6f758dabb4884de91d5bc173c03c1644a9123a41b44fba2704fb628,1
99,2,val,Alternaria (80).jpg,data\raw\images\val\Alternaria (80).jpg,3941147,TRUE,746f7418f6f758dabb4884de91d5bc173c03c1644a9123a41b44fba2704fb628,0
100,2,train,Anthracnose (212).jpg,data\raw\images\train\Anthracnose (212).jpg,2956082,TRUE,ffcc53eee68f5a811aa8f29076dc02e326fa5465da3fb718e8d3d3680e30447b,1
100,2,val,Alternaria (86).jpg,data\raw\images\val\Alternaria (86).jpg,2956082,TRUE,ffcc53eee68f5a811aa8f29076dc02e326fa5465da3fb718e8d3d3680e30447b,0
101,2,train,Anthracnose (217).jpg,data\raw\images\train\Anthracnose (217).jpg,3424089,TRUE,183980182de364227ff00e0563ba9bb1bf897f0142a0c71b0c0632703a59ef5d,1
101,2,val,Alternaria (91).jpg,data\raw\images\val\Alternaria (91).jpg,3424089,TRUE,183980182de364227ff00e0563ba9bb1bf897f0142a0c71b0c0632703a59ef5d,0
102,2,train,Anthracnose (228).jpg,data\raw\images\train\Anthracnose (228).jpg,3689209,TRUE,d0a03904d76b52562b0764dd4d25c333b84ac92a4dfe81506d0fad60ad2f53c6,1
102,2,val,Alternaria (102).jpg,data\raw\images\val\Alternaria (102).jpg,3689209,TRUE,d0a03904d76b52562b0764dd4d25c333b84ac92a4dfe81506d0fad60ad2f53c6,0
103,2,train,Healthy (11).jpg,data\raw\images\train\Healthy (11).jpg,3261466,FALSE,03d51a67c2e19aa1a4612e299744cafbbabd2d2cac765d77fbc6267940f5a5fd,0
103,2,train,Healthy (12).jpg,data\raw\images\train\Healthy (12).jpg,3261466,FALSE,03d51a67c2e19aa1a4612e299744cafbbabd2d2cac765d77fbc6267940f5a5fd,1
104,2,train,Mixed(102).jpg,data\raw\images\train\Mixed(102).jpg,814678,TRUE,cbbc3f313ac0643c4da0009fe6128ae597a3031ec4cba3c9883fa423513f15d6,1
104,2,val,Mixed(101).jpg,data\raw\images\val\Mixed(101).jpg,814678,TRUE,cbbc3f313ac0643c4da0009fe6128ae597a3031ec4cba3c9883fa423513f15d6,0
105,2,val,Alternaria (65).jpg,data\raw\images\val\Alternaria (65).jpg,3759035,FALSE,bd3be37ccbb58401c18fda525f149782820d74ac17b2401df091b5ae774ac111,0
105,2,val,Anthracnose (191).jpg,data\raw\images\val\Anthracnose (191).jpg,3759035,FALSE,bd3be37ccbb58401c18fda525f149782820d74ac17b2401df091b5ae774ac111,1